{"cameraMode":{"drawMode":0,"name":"Shaded","section":"Shading Mode"},"sceneLighting":true,"audioPlay":false,"sceneViewState":{"showFog":true,"showMaterialUpdate":true,"showSkybox":false,"showFlares":true,"showImageEffects":true,"showParticleSystems":true},"in2DMode":false,"pivot":{"x":9.541897773742676,"y":6.339961051940918,"z":87.74896240234375},"rotation":{"x":0.000823739159386605,"y":0.03623197227716446,"z":-0.004291009157896042,"w":0.9993338584899902},"size":195.34869384765626,"orthographic":true}