{"cameraMode":{"drawMode":0,"name":"Shaded","section":"Shading Mode"},"sceneLighting":true,"audioPlay":false,"sceneViewState":{"showFog":true,"showMaterialUpdate":false,"showSkybox":false,"showFlares":true,"showImageEffects":true,"showParticleSystems":true},"in2DMode":false,"pivot":{"x":-57.37961196899414,"y":-63.65093231201172,"z":-33.57817077636719},"rotation":{"x":0.0020153147634118797,"y":-0.985875129699707,"z":0.16751784086227418,"w":0.011900258250534535},"size":133.2848358154297,"orthographic":false}